comment_text,toxic,severe_toxic,obscene,threat,insult,identity_hate,positive_tone
DM please :),0.5,0.1,1.8,0.1,0.6,0.5,99.5
Thank youu :DD,2.4,1.1,2.0,0.3,4.8,19.3,97.6
Thank you :)),0.7,1.4,3.1,1.3,5.3,4.7,99.3
OMG I was inactive for 4 months in reddit and this comment made my day ðŸ˜­ðŸ’— Thank youu,3.9,1.7,2.0,0.4,2.0,0.6,96.1
Rap needs grind. A great example is Jessi.,6.5,3.8,5.2,0.4,6.9,2.4,93.5
"WHY IS THIS SO DOWN AT THE HOT SECTION, GET THIS UP!! ![gif](emote|free_emotes_pack|upvote)![gif](emote|free_emotes_pack|upvote)![gif](emote|free_emotes_pack|upvote)",19.6,4.4,8.2,0.9,5.2,2.7,80.4
"Mine was the ""They don't know I finished all of subnautica in a video""",8.0,5.9,3.5,0.6,3.7,1.4,92.0
"***shakes butt*** 

can you hear it?",86.2,19.3,82.3,2.5,54.6,1.7,13.8
Man i got to meme time today and i was laughing like a moron my family told me to literally shut up,98.7,61.1,87.9,2.2,94.1,8.4,1.3
"the minutes already surpassed the upvote number, my post is dead now. anyway thanks for being here, hope this lil amount of people giggled or smiled :))",18.9,5.7,4.5,20.3,4.2,4.8,81.1
